evolution$generation,evolution$evaluated,yt,tdq,twq,tcq,yp,pwm,pet,ai,tcov,bgr,ts,ps,ndvism,ndvif,ndvisp,ndviw,wavai,e,md,mcw,mds,g,subsample,objective$npredictors,objective$error,evolution$samples,error,npredictors
15000,15000,1.0,0.0,0.0,0.0,1.0,1.0,1.0,0.0,0.0,0.0,1.0,0.0,0.0,0.0,0.0,1.0,0.0,0.10008470366461529,5.0,6.549045546614746,8.974195599728594,5.800193945927337,0.7963541276802839,6.0,1.1046932088333006,39,"[1.0956350346536987,1.102228003621893,1.1072682868540416,1.1028547747584154,1.1247429201316208,1.0992082456272974,1.11763621202592,1.1059717727156102,1.1046932088333006,1.103617691278275,1.103430834363945,1.0968545041862545,1.093423311646902,1.1083548258045626,1.1000318232642603,1.113991927042283,1.1041997168429356,1.0950702277507962,1.104151265237191,1.0843776878254043,1.1124364159873406,1.090052252110101,1.1018300642078227,1.1069224522198096,1.1051878473161545,1.1094713962700253,1.1122569311098385,1.097764969561981,1.1085327240968876,1.091224878222795,1.111601198619932,1.10689566190193,1.1119816756295098,1.1101815550557323,1.0912161435711678,1.10681741189777,1.1100770277756087,1.1028720361948992,1.1099267820779726]","[6.0,6.0,6.0,6.0,6.0,6.0,6.0,6.0,6.0,6.0,6.0,6.0,6.0,6.0,6.0,6.0,6.0,6.0,6.0,6.0,6.0,6.0,6.0,6.0,6.0,6.0,6.0,6.0,6.0,6.0,6.0,6.0,6.0,6.0,6.0,6.0,6.0,6.0,6.0]"
15000,15000,1.0,0.0,1.0,1.0,1.0,0.0,0.0,1.0,0.0,1.0,1.0,0.0,1.0,1.0,1.0,1.0,0.0,0.07447714109401643,6.0,5.197656612150241,6.720521049182029,1.6179124164167829,0.8172914100048175,11.0,1.0629944691698041,36,"[1.046147752762221,1.0692530562857576,1.0574461444058783,1.0622147496806131,1.063814883656562,1.06451341280044,1.0652662590694264,1.043844033665306,1.059374822683898,1.053674601802979,1.0529054066194756,1.0749858707527182,1.0653954339214862,1.0607059796722864,1.0814121560482797,1.0812422424309802,1.0606555319586093,1.0913684864598552,1.0721346851097973,1.0521632948145936,1.077938521345318,1.0552894037216745,1.0579985516759138,1.0529672086655504,1.0583637669645722,1.069292738628072,1.0788771033710471,1.040886995093223,1.0666326772898373,1.063774188658995,1.0569937300206087,1.069072999715307,1.0654089469369343,1.072733963967949,1.0574831017382016,1.0508281284134928]","[11.0,11.0,11.0,11.0,11.0,11.0,11.0,11.0,11.0,11.0,11.0,11.0,11.0,11.0,11.0,11.0,11.0,11.0,11.0,11.0,11.0,11.0,11.0,11.0,11.0,11.0,11.0,11.0,11.0,11.0,11.0,11.0,11.0,11.0,11.0,11.0]"
15000,15000,0.0,0.0,1.0,0.0,1.0,0.0,0.0,0.0,0.0,1.0,1.0,1.0,1.0,0.0,0.0,1.0,0.0,0.07174848001654177,6.0,2.4084139900243753,6.7099695927878695,0.9407904194942347,0.7236496951416311,7.0,1.0346884459653478,1,"[1.0346884459653478]","[7.0]"
15000,15000,0.0,0.0,0.0,0.0,0.0,0.0,1.0,0.0,0.0,0.0,0.0,0.0,0.0,0.0,0.0,0.0,0.0,0.2428590359644115,4.0,8.493145773270719,0.19204991012462386,10.0,0.7806689419582878,1.0,1.3038861683143117,3,"[1.3038861683143117,1.3030034110758022,1.3061836709926538]","[1.0,1.0,1.0]"
15000,15000,0.0,0.0,1.0,0.0,1.0,0.0,0.0,0.0,0.0,1.0,1.0,1.0,1.0,1.0,0.0,1.0,0.0,0.07149559494651574,6.0,4.150574032790558,7.099202519936618,0.9052518596509422,0.7211695547847794,8.0,1.0474063375809053,19,"[1.0330106457928574,1.0618368457001626,1.0483826848272368,1.0612891758637946,1.0380076555834612,1.0443626140118272,1.0424923345178183,1.0437265481781899,1.0599770384242682,1.0500157265581567,1.0476556544058577,1.0445510853886804,1.0474063375809053,1.0400983904184957,1.0434517479409906,1.041676675631185,1.058092972506456,1.0672073367718686,1.0486113501052619]","[8.0,8.0,8.0,8.0,8.0,8.0,8.0,8.0,8.0,8.0,8.0,8.0,8.0,8.0,8.0,8.0,8.0,8.0,8.0]"
15000,15000,0.0,0.0,1.0,0.0,1.0,0.0,0.0,0.0,0.0,0.0,1.0,1.0,0.0,0.0,0.0,1.0,0.0,0.0701514299209532,6.0,4.103479793854399,9.234173425191287,0.0,0.8701160705953028,5.0,1.0545216989540078,2,"[1.0478623866858974,1.0611810112221183]","[5.0,5.0]"
15000,15000,0.0,0.0,0.0,0.0,0.0,0.0,0.0,0.0,0.0,0.0,0.0,1.0,0.0,0.0,0.0,0.0,0.0,0.15339099636472622,4.0,9.9417848778114,0.2387584236775544,6.585035384822854,0.6327442350087491,1.0,1.380100821331783,30,"[1.3770517139133074,1.3786416457407928,1.3730395991024589,1.3767707361619466,1.3785864894457553,1.3798888861994232,1.3775094455942691,1.3815501346309615,1.389618153146818,1.378765921963512,1.3803047729294278,1.3793707881895916,1.3893657339724594,1.379106701744478,1.3849386805879849,1.3770972136646766,1.3840971819782222,1.3780271468610752,1.3824816434114215,1.3847655310650524,1.3884208232178135,1.3857420239080243,1.3826184559233592,1.379896869734138,1.3849893929893977,1.3768840501389592,1.3815742701548461,1.3825292840056203,1.385776874675519,1.3783106460025445]","[1.0,1.0,1.0,1.0,1.0,1.0,1.0,1.0,1.0,1.0,1.0,1.0,1.0,1.0,1.0,1.0,1.0,1.0,1.0,1.0,1.0,1.0,1.0,1.0,1.0,1.0,1.0,1.0,1.0,1.0]"
15000,15000,0.0,0.0,0.0,0.0,0.0,0.0,1.0,0.0,0.0,0.0,0.0,0.0,0.0,0.0,0.0,0.0,0.0,0.28421965628274126,4.0,10.0,0.24070766487738124,9.231208222680161,0.7731035994600032,1.0,1.30564516460946,6,"[1.3044414512615337,1.3081414730128116,1.3056446874501124,1.3012419189362818,1.3103222019943832,1.3056456417688076]","[1.0,1.0,1.0,1.0,1.0,1.0]"
15000,15000,0.0,0.0,0.0,1.0,0.0,0.0,0.0,0.0,1.0,0.0,0.0,0.0,0.0,0.0,0.0,0.0,0.0,0.14020755405087082,6.0,10.0,6.173656265307592,7.154728735740722,0.8178049132958627,2.0,1.2056541732129011,27,"[1.204209642938598,1.1893934199624334,1.2134046364570277,1.2090943155228353,1.2051588616372055,1.1983081347830002,1.2056541732129011,1.212273592690883,1.2043642160944963,1.190302999897032,1.2067834553702397,1.2197400529745939,1.2135033511744675,1.1972577806806863,1.2071270560190477,1.2077313713190212,1.1926423841965987,1.1978260040623785,1.2216618194572675,1.1995607607491139,1.214502721041064,1.2103433754953712,1.2070692601220325,1.1882143501427014,1.1987305882563957,1.2068903356857406,1.2007958194709611]","[2.0,2.0,2.0,2.0,2.0,2.0,2.0,2.0,2.0,2.0,2.0,2.0,2.0,2.0,2.0,2.0,2.0,2.0,2.0,2.0,2.0,2.0,2.0,2.0,2.0,2.0,2.0]"
15000,15000,0.0,0.0,1.0,0.0,1.0,0.0,0.0,0.0,0.0,0.0,1.0,0.0,0.0,0.0,0.0,1.0,0.0,0.07607687247707344,6.0,6.186497509197906,10.0,2.8826986282702065,0.8688898315676383,4.0,1.0904313571036162,7,"[1.0820138150036898,1.1018110126164646,1.0804347383635142,1.0834150965703109,1.107456858221746,1.0904313571036162,1.1073826517863288]","[4.0,4.0,4.0,4.0,4.0,4.0,4.0]"
15000,15000,0.0,0.0,0.0,1.0,0.0,1.0,0.0,0.0,1.0,0.0,0.0,1.0,0.0,0.0,0.0,0.0,0.0,0.1629335106241515,6.0,4.013411403254096,6.44987324845137,5.837541480488766,0.7402713236939108,4.0,1.161510071913947,36,"[1.1517531925625764,1.1564795504997487,1.1706744491653491,1.1712719279585386,1.1798784738819972,1.1583145632068947,1.1680493429750345,1.1594728833014616,1.162040674713154,1.1496700057452818,1.1612234206664311,1.1618340219057655,1.16879301802833,1.185017416230618,1.1486078185834754,1.1562190350379387,1.156006514990215,1.1649864979422457,1.1573557249264153,1.1608050000824301,1.1679016150589487,1.1614098917619982,1.1567312948835347,1.1663069005994473,1.1569500654009848,1.1727324751446402,1.1490143178678422,1.1683348781013685,1.1616102520658962,1.1670444893820986,1.1533624470309038,1.163156704266506,1.1590413536446325,1.164232467981811,1.1444753184757677,1.184267390651329]","[4.0,4.0,4.0,4.0,4.0,4.0,4.0,4.0,4.0,4.0,4.0,4.0,4.0,4.0,4.0,4.0,4.0,4.0,4.0,4.0,4.0,4.0,4.0,4.0,4.0,4.0,4.0,4.0,4.0,4.0,4.0,4.0,4.0,4.0,4.0,4.0]"
15000,15000,0.0,0.0,0.0,0.0,0.0,0.0,1.0,0.0,0.0,0.0,0.0,0.0,0.0,0.0,0.0,0.0,0.0,0.3,4.0,9.741670325383089,0.18061096967853063,9.731004818744074,0.7438405236010961,1.0,1.306151674088879,11,"[1.3034589630739812,1.3119188026635609,1.3046845959588211,1.3048231762147702,1.3068933104686926,1.3039574023912106,1.3048333825255274,1.3062157229618223,1.3088856060256924,1.306151674088879,1.306430393494623]","[1.0,1.0,1.0,1.0,1.0,1.0,1.0,1.0,1.0,1.0,1.0]"
15000,15000,0.0,0.0,0.0,1.0,0.0,0.0,0.0,0.0,0.0,0.0,0.0,0.0,0.0,0.0,0.0,1.0,0.0,0.29123864390883625,4.0,10.0,0.4871359430276897,7.885524756685513,0.7067708433835534,2.0,1.181329358229124,1,"[1.181329358229124]","[2.0]"
15000,15000,0.0,0.0,1.0,0.0,0.0,0.0,0.0,0.0,0.0,0.0,1.0,0.0,0.0,0.0,0.0,1.0,0.0,0.07914825441568797,6.0,1.0645798877719235,0.0,4.631153372693611,0.8104599759572566,3.0,1.1183508317513888,1,"[1.1183508317513888]","[3.0]"
15000,15000,0.0,0.0,1.0,0.0,0.0,0.0,0.0,0.0,0.0,0.0,1.0,0.0,0.0,0.0,0.0,1.0,0.0,0.0819480699922164,6.0,3.4307614614711524,0.9808542053292395,4.904568155028173,0.8190360690863283,3.0,1.1352141674279603,15,"[1.1333663721602312,1.1446365212882252,1.139649695118383,1.1276242284529236,1.1237837633400893,1.1384410855028606,1.1341925448448986,1.1423514332001932,1.1352141674279603,1.1266129070208506,1.1337495315935844,1.1360943086120172,1.1316951552348646,1.1383741783416157,1.1422988127625509]","[3.0,3.0,3.0,3.0,3.0,3.0,3.0,3.0,3.0,3.0,3.0,3.0,3.0,3.0,3.0]"
15000,15000,0.0,0.0,1.0,0.0,0.0,0.0,0.0,0.0,0.0,0.0,0.0,0.0,0.0,0.0,0.0,1.0,0.0,0.26712173016885654,4.0,9.580691844404377,0.27700001584109685,8.416946951337545,0.6406978450936301,2.0,1.2511146111129303,29,"[1.2489151689742077,1.2490531161272198,1.2503000830513302,1.2459110062082661,1.2505917433723504,1.2536702808022862,1.242882838427006,1.2531783137529724,1.251382361945568,1.250551110373255,1.2511146111129303,1.2458978377760583,1.2529892880415328,1.2530912733454316,1.2417982030135881,1.2592328989641406,1.2608666317475836,1.2517056350261802,1.2560484977067112,1.244396626583716,1.2423767774193415,1.247727587075088,1.257800470967931,1.2554332502903152,1.2470777842401277,1.2518692299194352,1.261322798242926,1.2532131079804607,1.2466734297223288]","[2.0,2.0,2.0,2.0,2.0,2.0,2.0,2.0,2.0,2.0,2.0,2.0,2.0,2.0,2.0,2.0,2.0,2.0,2.0,2.0,2.0,2.0,2.0,2.0,2.0,2.0,2.0,2.0,2.0]"
15000,15000,1.0,0.0,0.0,0.0,0.0,1.0,0.0,0.0,0.0,1.0,1.0,0.0,0.0,0.0,0.0,1.0,0.0,0.12921476504192594,6.0,1.491271103685325,3.142395437656129,3.1878111984485855,0.7640981238383754,5.0,1.0826959433747896,29,"[1.0758209615105643,1.0743456029451857,1.0736967956947443,1.0833920290149794,1.0926929024166814,1.0725648167597626,1.0854035415363614,1.0788503989074267,1.0999118682232996,1.0831694531949312,1.0977322980513862,1.0891055379886978,1.069405333626292,1.0826959433747896,1.0883268853538146,1.0738113004993874,1.1025435947985192,1.0928580185930117,1.0883787260761815,1.0685136379863915,1.0780429176531154,1.0874985867122318,1.075534050225157,1.0784533176730067,1.0870295420664773,1.0775683278025079,1.0858249441832342,1.0810917459397378,1.07387014064487]","[5.0,5.0,5.0,5.0,5.0,5.0,5.0,5.0,5.0,5.0,5.0,5.0,5.0,5.0,5.0,5.0,5.0,5.0,5.0,5.0,5.0,5.0,5.0,5.0,5.0,5.0,5.0,5.0,5.0]"
15000,15000,0.0,0.0,0.0,1.0,0.0,0.0,1.0,0.0,1.0,0.0,0.0,0.0,0.0,0.0,0.0,0.0,0.0,0.11505042884584664,6.0,9.181130005286938,8.80446241512247,5.949719543896263,1.0,3.0,1.1621397187265023,27,"[1.1579598885255655,1.1546170656844095,1.1721533010812317,1.1576697079965272,1.1540113814670874,1.1616623511911122,1.1525086494940424,1.159006711834023,1.1632694509948545,1.1635426285054427,1.1514376918998408,1.1639384349371777,1.160829201469934,1.1688154010410163,1.1621397187265023,1.1697125813280462,1.168129667794044,1.165747862420909,1.1589980595034348,1.162881672107557,1.1678162935017833,1.1523380969614805,1.1637935369425385,1.1518471931605476,1.15221862751891,1.1636247262186954,1.1684728901520338]","[3.0,3.0,3.0,3.0,3.0,3.0,3.0,3.0,3.0,3.0,3.0,3.0,3.0,3.0,3.0,3.0,3.0,3.0,3.0,3.0,3.0,3.0,3.0,3.0,3.0,3.0,3.0]"
15000,15000,0.0,0.0,0.0,1.0,0.0,0.0,0.0,0.0,1.0,0.0,0.0,0.0,0.0,0.0,0.0,0.0,0.0,0.14126614652780278,6.0,10.0,7.360035048777305,7.855051922010294,0.819993571946217,2.0,1.200778427175814,22,"[1.1851002521821625,1.2037900911404957,1.2009261011602952,1.194185367456287,1.1986043767550432,1.2036930986634584,1.1935005134553516,1.1953135072773027,1.2046761568889304,1.2018410229831893,1.2006307531913327,1.2071762337718348,1.1954785977864915,1.1984858082944967,1.2028433804453702,1.1975539545489418,1.2110997273372983,1.1942195600125192,1.2010999659513517,1.2138473257088056,1.1947895663758739,1.207273030910108]","[2.0,2.0,2.0,2.0,2.0,2.0,2.0,2.0,2.0,2.0,2.0,2.0,2.0,2.0,2.0,2.0,2.0,2.0,2.0,2.0,2.0,2.0]"
15000,15000,0.0,0.0,1.0,0.0,1.0,0.0,0.0,0.0,0.0,1.0,1.0,1.0,1.0,1.0,0.0,1.0,0.0,0.0663872103266781,6.0,4.753111347607741,9.662706350614295,0.32016595955011334,0.9571034194322277,8.0,1.0549363435084846,33,"[1.0524649416997707,1.0490898148540857,1.058431101046521,1.0743196135762285,1.0404166530827275,1.085332546604653,1.0549363435084846,1.0672440454423053,1.0540028073075653,1.0665617286773954,1.0522708208046776,1.0458660806342674,1.0605826228905766,1.0564365481090194,1.0623156086187349,1.0613918069697363,1.0387914830574978,1.0624419419819129,1.0537646091556634,1.0614970039532436,1.0703668771668835,1.050858873443228,1.0554689318803878,1.0496776882837506,1.0458402253855699,1.0390639447968042,1.046808793470991,1.0456446115452347,1.0524159765642822,1.0520283890460338,1.0630512379297121,1.0808154278671458,1.0632665294765795]","[8.0,8.0,8.0,8.0,8.0,8.0,8.0,8.0,8.0,8.0,8.0,8.0,8.0,8.0,8.0,8.0,8.0,8.0,8.0,8.0,8.0,8.0,8.0,8.0,8.0,8.0,8.0,8.0,8.0,8.0,8.0,8.0,8.0]"
15000,15000,0.0,0.0,0.0,1.0,1.0,1.0,0.0,1.0,1.0,1.0,1.0,0.0,0.0,0.0,0.0,1.0,1.0,0.11363218039005527,5.0,7.768946627784419,7.421945295435506,4.378777320297511,0.984971981019711,9.0,1.0731607529811213,38,"[1.0613042543662046,1.087093314040776,1.061109071733653,1.0697735541122975,1.0846313809148609,1.0623336721070804,1.0669593222766078,1.0878978785441855,1.0605096338734903,1.0634746295781217,1.060077258333846,1.0774609812190696,1.0781771878237234,1.0714895199722332,1.0765129466757766,1.0782599271381512,1.0744269229632164,1.0620335560808047,1.0881691517341527,1.0656419527082877,1.0787638275887215,1.0625961678924711,1.09754804603979,1.0849849077095362,1.06606125857475,1.0774349583119494,1.0726185361295666,1.0612664144721822,1.0788412260780667,1.0603399205319186,1.0662693157074823,1.0778803589528523,1.073702969832676,1.0671132638320582,1.067961626226365,1.0943030840053565,1.0760855845133928,1.0791823396715805]","[9.0,9.0,9.0,9.0,9.0,9.0,9.0,9.0,9.0,9.0,9.0,9.0,9.0,9.0,9.0,9.0,9.0,9.0,9.0,9.0,9.0,9.0,9.0,9.0,9.0,9.0,9.0,9.0,9.0,9.0,9.0,9.0,9.0,9.0,9.0,9.0,9.0,9.0]"
15000,15000,0.0,0.0,1.0,0.0,1.0,0.0,0.0,0.0,0.0,0.0,1.0,1.0,0.0,0.0,0.0,1.0,0.0,0.0685520150860592,6.0,4.148282454801869,9.069356689050762,0.3228099967183326,0.8651025850871958,5.0,1.06626986578338,26,"[1.0565888250380384,1.0690869917843435,1.0690458804280016,1.0653961586961425,1.0800818915191368,1.0680395431851175,1.0771081330866408,1.0606638647576112,1.0629815095694666,1.066898483020285,1.0596665472480422,1.0654827536043279,1.0880990089021183,1.0804148435525467,1.0637626108910143,1.0494605156578798,1.053032128562266,1.0714069051570587,1.0680831881097212,1.0529755658968096,1.0725266437456953,1.065641248546475,1.0568206763653931,1.0727962404786635,1.063815964476614,1.074638066987967]","[5.0,5.0,5.0,5.0,5.0,5.0,5.0,5.0,5.0,5.0,5.0,5.0,5.0,5.0,5.0,5.0,5.0,5.0,5.0,5.0,5.0,5.0,5.0,5.0,5.0,5.0]"
15000,15000,0.0,0.0,0.0,1.0,0.0,0.0,0.0,0.0,0.0,0.0,0.0,0.0,0.0,0.0,0.0,1.0,0.0,0.2230993409986039,4.0,10.0,0.5821314617819056,8.320054443293731,0.6793627376807544,2.0,1.1820051665772608,3,"[1.1812171020597462,1.1820051665772608,1.1984422224608944]","[2.0,2.0,2.0]"
15000,15000,0.0,0.0,1.0,0.0,0.0,0.0,0.0,0.0,0.0,0.0,1.0,0.0,0.0,0.0,0.0,1.0,0.0,0.09630893898409641,6.0,5.764058972490668,0.0,5.367883524150781,0.8011888205822452,3.0,1.1313146750129464,2,"[1.1270318137674062,1.1355975362584865]","[3.0,3.0]"
15000,15000,0.0,0.0,0.0,0.0,0.0,0.0,0.0,0.0,0.0,0.0,0.0,0.0,0.0,0.0,0.0,0.0,0.0,0.3,4.0,9.554156931868459,0.4752693466943448,9.601661656241715,0.6633999241898832,0.0,1.4879848611410558,23,"[1.4879848611410558,1.4879848611410558,1.4879848611410558,1.4879848611410558,1.4879848611410558,1.4879848611410558,1.4879848611410558,1.4879848611410558,1.4879848611410558,1.4879848611410558,1.4879848611410558,1.4879848611410558,1.4879848611410558,1.4879848611410558,1.4879848611410558,1.4879848611410558,1.4879848611410558,1.4879848611410558,1.4879848611410558,1.4879848611410558,1.4879848611410558,1.4879848611410558,1.4879848611410558]","[0.0,0.0,0.0,0.0,0.0,0.0,0.0,0.0,0.0,0.0,0.0,0.0,0.0,0.0,0.0,0.0,0.0,0.0,0.0,0.0,0.0,0.0,0.0]"
15000,15000,0.0,0.0,1.0,0.0,0.0,1.0,0.0,0.0,0.0,0.0,1.0,0.0,0.0,0.0,0.0,1.0,0.0,0.08997898320862312,6.0,2.7890894326528413,0.0,5.7978220835346495,0.8958993220944474,4.0,1.087384880007607,1,"[1.087384880007607]","[4.0]"
15000,15000,0.0,0.0,0.0,0.0,0.0,0.0,1.0,0.0,0.0,0.0,0.0,0.0,0.0,0.0,0.0,0.0,0.0,0.20748465380220865,4.0,10.0,0.41198063733487233,10.0,0.7109219114785966,1.0,1.3089319348401152,27,"[1.3097693896826001,1.3083619403962683,1.3062836811417786,1.304021200269495,1.3050715709808618,1.3069416595342753,1.3081853749002466,1.3086974174991615,1.3120185587589204,1.3137811866264228,1.3075074192010478,1.3089319348401152,1.3102014446110368,1.309361786804934,1.306343716456432,1.308366735743001,1.31874949164922,1.3138227068469028,1.318300832648781,1.3118330580429736,1.3095474025489175,1.3094957367952937,1.3047753904775259,1.312853600713813,1.3076484502888466,1.3099550138181948,1.305034651585206]","[1.0,1.0,1.0,1.0,1.0,1.0,1.0,1.0,1.0,1.0,1.0,1.0,1.0,1.0,1.0,1.0,1.0,1.0,1.0,1.0,1.0,1.0,1.0,1.0,1.0,1.0,1.0]"
15000,15000,0.0,0.0,1.0,0.0,0.0,0.0,0.0,0.0,0.0,0.0,1.0,0.0,0.0,0.0,0.0,1.0,1.0,0.1469513409705728,6.0,1.4366899370723205,4.879661920498432,6.72249215178664,0.6504540301063647,4.0,1.101734786515658,30,"[1.099812552438137,1.1155790546436224,1.1135300604650937,1.102579386991239,1.0986716117378328,1.1109167581240968,1.086899833512963,1.1168261317480968,1.108941700721977,1.0838663382350509,1.1178383993634573,1.100890186040077,1.10006492184541,1.0947433833574611,1.1135081034166578,1.095337795426714,1.0883443092061211,1.1212147309829714,1.0914429419131886,1.0889352891148154,1.113770082880541,1.103605583604684,1.1000940152558392,1.1036843322202579,1.085346554837136,1.0987364958185029,1.1060189512797192,1.0998474340553979,1.1237545875361534,1.1117981387065516]","[4.0,4.0,4.0,4.0,4.0,4.0,4.0,4.0,4.0,4.0,4.0,4.0,4.0,4.0,4.0,4.0,4.0,4.0,4.0,4.0,4.0,4.0,4.0,4.0,4.0,4.0,4.0,4.0,4.0,4.0]"
15000,15000,0.0,0.0,1.0,0.0,1.0,0.0,0.0,0.0,0.0,0.0,1.0,1.0,0.0,0.0,0.0,1.0,0.0,0.08319434502406382,6.0,2.3661425519000723,8.13923114346686,0.3556699159535326,0.8885311649929222,5.0,1.0597575506822572,9,"[1.0438997324606925,1.0675482605769635,1.0561127542847393,1.0691254865299267,1.0619291910544848,1.0587791851247559,1.0597575506822572,1.0778709733432972,1.0507149007181034]","[5.0,5.0,5.0,5.0,5.0,5.0,5.0,5.0,5.0]"
15000,15000,0.0,0.0,1.0,0.0,0.0,0.0,0.0,0.0,0.0,1.0,1.0,0.0,0.0,0.0,0.0,1.0,0.0,0.08149666751933789,5.0,7.03464431673177,8.29164181387434,0.5616038537870951,0.7794989020594763,4.0,1.101313708685319,15,"[1.0924032411000943,1.09938973291512,1.0929444615055977,1.0978976418656188,1.1179630340686777,1.1008746518328572,1.1078892484190646,1.101313708685319,1.1186715684066466,1.1086271813865858,1.1050059293926728,1.0849141550955144,1.109365698934155,1.0993535747211518,1.1187677492264072]","[4.0,4.0,4.0,4.0,4.0,4.0,4.0,4.0,4.0,4.0,4.0,4.0,4.0,4.0,4.0]"
15000,15000,0.0,0.0,0.0,1.0,0.0,0.0,0.0,0.0,1.0,0.0,0.0,0.0,0.0,0.0,0.0,0.0,0.0,0.11509027140080803,6.0,10.0,5.037848336462578,7.978979905684469,0.7979021063982873,2.0,1.2009215252161116,24,"[1.1927075593979313,1.1940228689096106,1.194259748668825,1.2020190900216232,1.1997003930578336,1.1897252830581926,1.202171480361459,1.2056500553121772,1.1990070672374347,1.2032457264719296,1.201443115122143,1.2071600610274396,1.203570705848772,1.2033468754765098,1.1890971608174716,1.2008219407820813,1.1901852058741527,1.1928851603513155,1.210311336542535,1.2095294039047697,1.2028434032437036,1.192909625911888,1.201021109650142,1.1964936414059966]","[2.0,2.0,2.0,2.0,2.0,2.0,2.0,2.0,2.0,2.0,2.0,2.0,2.0,2.0,2.0,2.0,2.0,2.0,2.0,2.0,2.0,2.0,2.0,2.0]"
15000,15000,0.0,0.0,1.0,0.0,0.0,0.0,0.0,0.0,0.0,0.0,1.0,0.0,0.0,0.0,0.0,1.0,0.0,0.09223403907888882,6.0,3.166623955652799,0.0,5.294560242904445,0.8185499108360187,3.0,1.1340458512278737,6,"[1.120416677216389,1.128128843495134,1.122985018691401,1.1453741208275616,1.1471340764116413,1.1399628589606134]","[3.0,3.0,3.0,3.0,3.0,3.0]"
15000,15000,0.0,0.0,1.0,0.0,0.0,1.0,0.0,0.0,0.0,0.0,1.0,0.0,0.0,0.0,0.0,1.0,0.0,0.08998701283294916,6.0,2.9582636436676193,0.0,5.367424611316628,0.8928710645694984,4.0,1.097718880058788,12,"[1.0864805323873696,1.0968620255945123,1.0969942790315088,1.114841633925063,1.0915069691750026,1.1057577132803857,1.119575066370531,1.0985689042089892,1.1097704533106783,1.089188768827602,1.093090094777405,1.0984434810860675]","[4.0,4.0,4.0,4.0,4.0,4.0,4.0,4.0,4.0,4.0,4.0,4.0]"
15000,15000,0.0,0.0,1.0,0.0,1.0,0.0,0.0,0.0,0.0,1.0,1.0,1.0,0.0,0.0,0.0,1.0,0.0,0.08084570206540109,6.0,6.162119275481466,9.397091211509231,0.0,0.7172740526595346,6.0,1.0378961948922614,1,"[1.0378961948922614]","[6.0]"
15000,15000,0.0,0.0,1.0,0.0,1.0,0.0,0.0,0.0,0.0,0.0,1.0,1.0,0.0,0.0,0.0,1.0,0.0,0.06954945873081159,6.0,3.5748706435918667,9.251669678551494,0.905434316883169,0.8712766391157624,5.0,1.0616438607144216,17,"[1.0553598860778695,1.0689034090157843,1.0525497555612433,1.05022558931058,1.0736140674647343,1.0717562278062247,1.0693984935273995,1.0612480379857385,1.0523317006168982,1.0565107037689898,1.0616438607144216,1.0621892629452636,1.0557520976319434,1.1003543889781597,1.072836779384981,1.0642977818181674,1.0568700112466751]","[5.0,5.0,5.0,5.0,5.0,5.0,5.0,5.0,5.0,5.0,5.0,5.0,5.0,5.0,5.0,5.0,5.0]"
15000,15000,0.0,0.0,1.0,0.0,1.0,0.0,0.0,0.0,0.0,1.0,1.0,1.0,0.0,0.0,0.0,1.0,0.0,0.07826613765537825,6.0,7.6074073091826975,4.967508378809241,0.10393231960301404,0.7687276161920633,6.0,1.0520195817811877,20,"[1.0475699483126282,1.0467529077955624,1.0529962104942685,1.0389605778676856,1.048740627191559,1.0457144955147546,1.036393844731321,1.0551148279338718,1.051042953068107,1.0732690360649901,1.0549450233476734,1.0664689980238535,1.0656230813542016,1.0473176513264693,1.0696093866561092,1.0550066142399426,1.048218596969819,1.0623402676247737,1.0400549946573796,1.0602099055562584]","[6.0,6.0,6.0,6.0,6.0,6.0,6.0,6.0,6.0,6.0,6.0,6.0,6.0,6.0,6.0,6.0,6.0,6.0,6.0,6.0]"
15000,15000,0.0,0.0,1.0,0.0,1.0,0.0,0.0,0.0,0.0,0.0,1.0,1.0,0.0,0.0,0.0,1.0,0.0,0.07950691884968225,6.0,6.576952033822816,2.3864309930233967,0.0,0.8061950652348893,5.0,1.053316058700988,1,"[1.053316058700988]","[5.0]"
15000,15000,1.0,0.0,1.0,0.0,1.0,0.0,0.0,0.0,0.0,1.0,1.0,1.0,1.0,1.0,0.0,1.0,0.0,0.0964622874405775,6.0,5.0375076104481185,8.144637261001508,0.8705632514682061,0.8271846466032574,9.0,1.0443002763401865,8,"[1.0270690066876216,1.0502264157566958,1.036850039845434,1.044581544771089,1.053672722617095,1.0250164048239039,1.0440190079092841,1.0517865411665552]","[9.0,9.0,9.0,9.0,9.0,9.0,9.0,9.0]"
15000,15000,0.0,0.0,0.0,1.0,0.0,0.0,0.0,0.0,1.0,0.0,0.0,0.0,0.0,0.0,0.0,0.0,0.0,0.11526605418420958,5.0,10.0,9.970963242284157,5.890264817944675,1.0,2.0,1.1889150018011156,13,"[1.182903595228954,1.1889150018011156,1.184478897547813,1.186415562910614,1.1853659498940243,1.1910678085606394,1.194100549837974,1.186596898434176,1.1899700990373556,1.198807867398195,1.1945967226263403,1.191863453950345,1.184202171439271]","[2.0,2.0,2.0,2.0,2.0,2.0,2.0,2.0,2.0,2.0,2.0,2.0,2.0]"
15000,15000,0.0,0.0,0.0,1.0,0.0,0.0,0.0,0.0,1.0,0.0,0.0,0.0,0.0,0.0,0.0,0.0,0.0,0.11429488506363675,5.0,9.997625899601237,9.94806027054032,5.550562482607208,1.0,2.0,1.1880810745293122,9,"[1.1880810745293122,1.1908084383649564,1.1877958627558614,1.182731647718644,1.188275417580535,1.1915389578208004,1.18713957465182,1.1809216414029986,1.1915188161324006]","[2.0,2.0,2.0,2.0,2.0,2.0,2.0,2.0,2.0]"
15000,15000,0.0,0.0,1.0,0.0,1.0,0.0,0.0,0.0,0.0,1.0,1.0,1.0,1.0,0.0,0.0,1.0,0.0,0.06551227640225872,6.0,8.435435504277953,3.4535001674190218,0.0,0.6863044423232473,7.0,1.046484905190232,13,"[1.0409766538104386,1.053124171075966,1.0415792343317585,1.0443926661015956,1.0592336289134299,1.054681924411679,1.0405467037912293,1.046484905190232,1.053959928641283,1.0360977289835536,1.076425077948175,1.0475756253341877,1.0372735379842786]","[7.0,7.0,7.0,7.0,7.0,7.0,7.0,7.0,7.0,7.0,7.0,7.0,7.0]"
15000,15000,0.0,0.0,0.0,1.0,0.0,0.0,0.0,0.0,0.0,0.0,0.0,0.0,0.0,0.0,0.0,1.0,0.0,0.2668116994475483,4.0,10.0,0.3956657371697465,8.396472883066565,0.7100272256901835,2.0,1.1897020511643486,17,"[1.191729710485139,1.1866982035958389,1.184547322564576,1.1847299726130114,1.195851825472752,1.1943455612173086,1.1897363247708868,1.184591293840334,1.1945490260818417,1.1934072081009954,1.1850550832014304,1.2083164744749877,1.1891143431370965,1.1941038776818835,1.1864947956758325,1.1897020511643486,1.1871459772148567]","[2.0,2.0,2.0,2.0,2.0,2.0,2.0,2.0,2.0,2.0,2.0,2.0,2.0,2.0,2.0,2.0,2.0]"
15000,15000,0.0,0.0,1.0,0.0,1.0,0.0,0.0,0.0,0.0,1.0,1.0,1.0,0.0,0.0,0.0,1.0,0.0,0.07616007422045999,6.0,7.628812706669012,5.29893542379755,0.0011525199918367068,0.7665517412820698,6.0,1.0567459543016515,29,"[1.054866627635219,1.0512206752814204,1.042785270044781,1.057630700150018,1.051688392825651,1.0411723209903898,1.064925547973461,1.076590409584466,1.0545743036344635,1.0434508195266874,1.0608981855557575,1.0572382207751987,1.0572571479615065,1.055127111466474,1.0510887594138267,1.0578898894793798,1.0596725869508958,1.0649487464546763,1.0408905783476146,1.0472805906797513,1.0403475014382848,1.0620674947780047,1.0604179540360463,1.0681445347429446,1.0678045349253287,1.0567459543016515,1.0647645276534317,1.0358150333012968,1.0439875827658465]","[6.0,6.0,6.0,6.0,6.0,6.0,6.0,6.0,6.0,6.0,6.0,6.0,6.0,6.0,6.0,6.0,6.0,6.0,6.0,6.0,6.0,6.0,6.0,6.0,6.0,6.0,6.0,6.0,6.0]"
15000,15000,0.0,0.0,1.0,0.0,0.0,0.0,0.0,0.0,0.0,0.0,1.0,0.0,0.0,0.0,0.0,1.0,0.0,0.08986495202656658,6.0,2.9572557688713954,0.0,5.368476906630346,0.8199246913822482,3.0,1.1382718607360638,19,"[1.1368797508032755,1.1535459454104227,1.1360060159322591,1.1401816429271077,1.1501482475790177,1.1339051638959112,1.1411756713401267,1.1509646319364761,1.135031746642197,1.127003906965443,1.147186811592336,1.165416861572703,1.1351799272286152,1.148713017094731,1.1382718607360638,1.1350386902834884,1.1353598195503192,1.1283076165654484,1.138301988921133]","[3.0,3.0,3.0,3.0,3.0,3.0,3.0,3.0,3.0,3.0,3.0,3.0,3.0,3.0,3.0,3.0,3.0,3.0,3.0]"
15000,15000,0.0,0.0,1.0,0.0,1.0,0.0,0.0,0.0,0.0,1.0,1.0,1.0,0.0,0.0,0.0,1.0,0.0,0.08875132360919082,6.0,6.829293553507004,9.15821687034773,0.0,0.7676384724423123,6.0,1.0494651305139027,13,"[1.0446223977971838,1.0474680579092486,1.0470186548608502,1.0438337127150534,1.0531796478297797,1.059956535442308,1.0494651305139027,1.0586177685799028,1.0583444700467397,1.0398609669954137,1.0319519490637934,1.0511387924756512,1.0613572936712852]","[6.0,6.0,6.0,6.0,6.0,6.0,6.0,6.0,6.0,6.0,6.0,6.0,6.0]"
15000,15000,0.0,0.0,1.0,0.0,0.0,0.0,0.0,0.0,0.0,0.0,1.0,0.0,0.0,0.0,0.0,1.0,0.0,0.06821974465010891,4.0,2.816049689388946,0.0,5.353018373385277,0.8096452308078141,3.0,1.1421804151831583,25,"[1.1456743568525023,1.1540600673068766,1.1576258304397016,1.143973497715444,1.134037835326464,1.1548121112434726,1.1436158420884408,1.1274662202977457,1.127633509970614,1.1493757146743406,1.1341334048136589,1.1428098563885987,1.1508757802023108,1.138480221395404,1.1410930150528773,1.1389302594769366,1.1361507097412393,1.1364258033724621,1.1437322104102459,1.1421804151831583,1.1340236678628315,1.1544000773642504,1.1405683689094874,1.147426301401579,1.1360637183429891]","[3.0,3.0,3.0,3.0,3.0,3.0,3.0,3.0,3.0,3.0,3.0,3.0,3.0,3.0,3.0,3.0,3.0,3.0,3.0,3.0,3.0,3.0,3.0,3.0,3.0]"
15000,15000,0.0,0.0,1.0,0.0,1.0,0.0,0.0,0.0,0.0,1.0,1.0,1.0,0.0,0.0,0.0,1.0,0.0,0.07570048923334058,6.0,7.714897546935666,5.25850703919467,0.001094986340866178,0.7666837589202594,6.0,1.0399937212369792,4,"[1.0440898154414473,1.035298701163094,1.035897627032511,1.0629070286827338]","[6.0,6.0,6.0,6.0]"
15000,15000,0.0,0.0,1.0,0.0,1.0,0.0,0.0,1.0,0.0,1.0,1.0,1.0,1.0,0.0,0.0,1.0,0.0,0.07297292866904473,6.0,7.990469238472386,9.692446337044156,0.0013451826433226344,0.6480047036499925,8.0,1.0474206286921404,22,"[1.0341784092839112,1.0468486681747542,1.0430848523291214,1.0473421748602278,1.0549493883660674,1.0485435934571046,1.0416188672275606,1.0552672109866177,1.042180977721592,1.0758363684631318,1.047635592160575,1.047499082524053,1.0569897967938988,1.0432996365075282,1.0424204287746204,1.0374429726067338,1.0468398642628187,1.0575878345677039,1.0725990621973964,1.0495537935195869,1.0473356184672964,1.0703828425608006]","[8.0,8.0,8.0,8.0,8.0,8.0,8.0,8.0,8.0,8.0,8.0,8.0,8.0,8.0,8.0,8.0,8.0,8.0,8.0,8.0,8.0,8.0]"
15000,15000,0.0,0.0,0.0,0.0,0.0,0.0,1.0,0.0,0.0,0.0,0.0,0.0,0.0,0.0,0.0,0.0,0.0,0.20988930944473877,4.0,9.15996394602573,0.3049782209684003,9.79479639396343,0.7095855463495819,1.0,1.3058785466803866,8,"[1.3047696923011063,1.3059635890638213,1.303447114709636,1.3057935042969517,1.3113356910702738,1.3018111611517988,1.3108021208845992,1.3068938512501143]","[1.0,1.0,1.0,1.0,1.0,1.0,1.0,1.0]"
15000,15000,0.0,0.0,0.0,1.0,0.0,0.0,0.0,0.0,1.0,0.0,0.0,0.0,0.0,0.0,0.0,0.0,0.0,0.11850388989165302,5.0,10.0,10.0,5.665011264100592,1.0,2.0,1.1872187076479965,8,"[1.1793792952840954,1.1859582888106186,1.1913238764539644,1.1894732651064575,1.1860845508752065,1.1805326684808197,1.1886951032542004,1.1883528644207866]","[2.0,2.0,2.0,2.0,2.0,2.0,2.0,2.0]"
15000,15000,0.0,0.0,1.0,0.0,1.0,0.0,0.0,0.0,0.0,0.0,1.0,0.0,0.0,0.0,0.0,1.0,0.0,0.07639909792063702,6.0,6.680768235762935,10.0,3.1074799664160557,0.8749888831393047,4.0,1.0912681841370246,8,"[1.084055808996893,1.0884980632024068,1.09882665492762,1.0940383050716425,1.1008482882556136,1.0799928060538637,1.084106925431233,1.1123851798413287]","[4.0,4.0,4.0,4.0,4.0,4.0,4.0,4.0]"
15000,15000,0.0,0.0,1.0,0.0,0.0,0.0,0.0,0.0,0.0,0.0,1.0,0.0,0.0,0.0,0.0,1.0,0.0,0.07434806555837663,6.0,3.532341586242894,1.0245289178916597,4.586967737919819,0.7648683338398202,3.0,1.1315654783430016,5,"[1.124284407055131,1.1315654783430016,1.1295344629804938,1.1525380605491835,1.1320821576537345]","[3.0,3.0,3.0,3.0,3.0]"
15000,15000,1.0,0.0,1.0,0.0,1.0,0.0,0.0,1.0,0.0,1.0,1.0,1.0,1.0,1.0,0.0,1.0,0.0,0.09462192504836758,6.0,2.9859767300557936,7.422625183715414,0.9043283910041932,0.820204700914662,10.0,1.0398481899061225,2,"[1.0361125365214756,1.0435838432907691]","[10.0,10.0]"
15000,15000,0.0,0.0,1.0,0.0,1.0,0.0,0.0,0.0,0.0,1.0,1.0,1.0,1.0,0.0,0.0,1.0,0.0,0.08461582624281776,6.0,10.0,10.0,1.0175437318920342,0.8344903988618159,7.0,1.0441764666720688,5,"[1.034223606093975,1.0398107087460982,1.0581456552536594,1.05143774272145,1.0441764666720688]","[7.0,7.0,7.0,7.0,7.0]"
15000,15000,0.0,0.0,1.0,0.0,1.0,0.0,0.0,0.0,0.0,1.0,1.0,1.0,0.0,0.0,0.0,1.0,0.0,0.06916711445075456,6.0,7.162761730076769,5.860916566842516,0.013411564639110791,0.7620466478736055,6.0,1.045426572504429,8,"[1.0414964083362008,1.060412419870817,1.0390257746667415,1.0482161991630203,1.069423201496246,1.060683548565612,1.0397238893760834,1.0426369458458375]","[6.0,6.0,6.0,6.0,6.0,6.0,6.0,6.0]"
15000,15000,0.0,0.0,1.0,0.0,1.0,0.0,0.0,0.0,0.0,1.0,1.0,1.0,1.0,0.0,0.0,1.0,1.0,0.0851364281004317,6.0,9.94608061379153,6.801860565915947,1.2708836653942028,0.7370563385446528,8.0,1.0452154446137336,12,"[1.0300389520301345,1.0436984029590863,1.054425200430784,1.0442480595747905,1.0338234737148602,1.0553376933126937,1.0429194342775654,1.0433440211064,1.0642900106844124,1.061571615906263,1.046182829652677,1.0499690471345862]","[8.0,8.0,8.0,8.0,8.0,8.0,8.0,8.0,8.0,8.0,8.0,8.0]"
15000,15000,0.0,0.0,1.0,0.0,1.0,0.0,0.0,0.0,0.0,1.0,1.0,1.0,1.0,0.0,0.0,1.0,0.0,0.07528590099320641,6.0,6.968981762699421,4.550007686746048,0.0,0.7766919734134304,7.0,1.0503913213005691,21,"[1.0473995880256879,1.055417381802807,1.0505445588551436,1.0503913213005691,1.046863476003382,1.0547849447775417,1.0536028592526683,1.0381246566367472,1.0399503546891729,1.0420398497458758,1.048434579773431,1.058953812880455,1.0617993377313182,1.0685256495751179,1.0628715878057249,1.0409445565244293,1.0501138551058662,1.0488215498834403,1.0370683884409606,1.053989794878897,1.0544863531723068]","[7.0,7.0,7.0,7.0,7.0,7.0,7.0,7.0,7.0,7.0,7.0,7.0,7.0,7.0,7.0,7.0,7.0,7.0,7.0,7.0,7.0]"
15000,15000,0.0,0.0,1.0,0.0,0.0,1.0,0.0,0.0,0.0,0.0,1.0,0.0,0.0,0.0,0.0,1.0,0.0,0.09067098428577844,6.0,1.0,0.0,5.066729022858451,0.9122458314456126,4.0,1.1015708841127436,16,"[1.0912344378495198,1.110403376783355,1.1028524802996467,1.1001533305600377,1.0950800013390274,1.0944650140632066,1.099750485377757,1.1028054175280755,1.1003363506974115,1.097824064911967,1.103163743412954,1.1070221936821598,1.1091987498309415,1.094694690043072,1.1178677279487446,1.120240063153604]","[4.0,4.0,4.0,4.0,4.0,4.0,4.0,4.0,4.0,4.0,4.0,4.0,4.0,4.0,4.0,4.0]"
15000,15000,0.0,0.0,1.0,0.0,0.0,0.0,0.0,0.0,0.0,0.0,1.0,0.0,0.0,0.0,0.0,1.0,0.0,0.08992508928706855,6.0,3.1117147077027973,0.0,5.297256348426288,0.8148560980825907,3.0,1.1350351928739637,13,"[1.1258350813024791,1.1334133124738552,1.1502893717357232,1.1350351928739637,1.1396415758892378,1.1332987325451742,1.1264630892519014,1.1281436337998545,1.1384368217678877,1.139980186596986,1.1776439607239169,1.1368852298647159,1.1333925388766217]","[3.0,3.0,3.0,3.0,3.0,3.0,3.0,3.0,3.0,3.0,3.0,3.0,3.0]"
15000,15000,0.0,0.0,0.0,1.0,0.0,0.0,0.0,0.0,0.0,0.0,0.0,0.0,0.0,0.0,0.0,1.0,0.0,0.2824926243710291,4.0,10.0,0.22889368363390167,7.929329838887278,0.7435054035735643,2.0,1.1872079933007302,4,"[1.1853950992298112,1.1836652495469735,1.1890208873716492,1.1938351001549292]","[2.0,2.0,2.0,2.0]"
